id;motif;type_demandeur;nom;prenom;email
1;CreationMatricule;Apprenant;ROI Sleek deposit;e-tailers bifurcated explicit;Archange.Lefebvre@hotmail.fr
2;Perte;Etablissement;object-oriented;expedite Paraguay;Alpinien.Prevost57@hotmail.fr
3;CreationMatricule;Etablissement;Fresh;array Bedfordshire repurpose;Alix.Schneider39@hotmail.fr
4;CreationMatricule;Apprenant;utilize Soap Mouse;interface;Rodrigue.Lefebvre52@hotmail.fr
5;CreationMatricule;Enseignant;plum de;Saint-Christophe-et-Niévès Open-architected;Hdelin_Bourgeois50@hotmail.fr
6;CreationMatricule;Etablissement;Buckinghamshire;bus Automotive;Adle.Moulin@hotmail.fr
7;Perte;Etablissement;client-server Royale;Lituanie lavender;Yves.Brunet85@hotmail.fr
8;CreationMatricule;Apprenant;Wooden;Directeur microchip dynamic;Cme18@hotmail.fr
9;CreationMatricule;Etablissement;payment non-volatile collaborative;deposit;Madeleine.Berger@yahoo.fr
10;Perte;Apprenant;Saint-Honoré Auvergne;Practical;Andol1@yahoo.fr
